{
  "sarsa": {
    "alphas": [
      0.05,
      0.1,
      0.5
    ],
    "eps_ends": [
      0.01,
      0.05,
      0.1
    ],
    "grid_mean": [
      [
        -17.508333206176758,
        -346.08999888102215,
        -348.8633238474528
      ],
      [
        -17.490000406901043,
        -19.84000015258789,
        -20.804999669392902
      ],
      [
        -17.859999974568684,
        -20.90500005086263,
        -27.794999440511067
      ]
    ],
    "grid_std": [
      [
        0.5736798267765423,
        566.731630254031,
        566.4729809272716
      ],
      [
        0.3091522475289395,
        0.33071891388307384,
        1.2782116575827611
      ],
      [
        0.4951772461115851,
        0.41027453047142326,
        0.8057452885192016
      ]
    ]
  },
  "q_learning": {
    "alphas": [
      0.05,
      0.1,
      0.5
    ],
    "eps_ends": [
      0.01,
      0.05,
      0.1
    ],
    "grid_mean": [
      [
        -15.21999994913737,
        -30.246667226155598,
        -48.20500055948893
      ],
      [
        -16.64666684468587,
        -30.46333376566569,
        -52.38499959309896
      ],
      [
        -16.47333335876465,
        -32.00833320617676,
        -53.66333262125651
      ]
    ],
    "grid_std": [
      [
        1.0125831394676408,
        3.6467330254881922,
        2.0484087230490826
      ],
      [
        2.1713492566372983,
        4.773992727720816,
        6.28394525701543
      ],
      [
        0.6182702455787163,
        0.5896886212951303,
        5.762118337507827
      ]
    ]
  }
}