{
  "sarsa": {
    "success_rate_mean": 0.5175999999046326,
    "success_rate_std": 0.01780886761844158,
    "mean_bias": -0.08227015538434698,
    "mean_abs_bias": 0.08227015538434698,
    "max_bias": 0.0,
    "bias_per_state": [
      -0.14701409961185413,
      -0.1682711435139581,
      -0.17419958291854865,
      -0.1790912865224205,
      -0.1414961381923901,
      0.0,
      -0.11031526049671844,
      0.0,
      -0.12102954461936583,
      -0.10486703022651811,
      -0.07819895384449749,
      0.0,
      0.0,
      -0.07143462125561462,
      -0.020404824947665712,
      0.0
    ]
  },
  "q_learning": {
    "success_rate_mean": 0.5234000086784363,
    "success_rate_std": 0.01723175123333931,
    "mean_bias": -0.003217044254172123,
    "mean_abs_bias": 0.010417567397917764,
    "max_bias": 0.01995479993316418,
    "bias_per_state": [
      0.004196407096931587,
      0.0076641653320792535,
      0.0008699846682155288,
      -0.005219318007254337,
      0.005771666249639207,
      0.0,
      -0.06551501525922493,
      0.0,
      0.0060111212563804806,
      -0.004984103377431159,
      -0.03335845657280867,
      0.0,
      0.0,
      0.013136040613554889,
      0.01995479993316418,
      0.0
    ]
  },
  "expected_sarsa": {
    "success_rate_mean": 0.5273000001907349,
    "success_rate_std": 0.014298801310360432,
    "mean_bias": -0.07596518393372326,
    "mean_abs_bias": 0.07596518393372326,
    "max_bias": 0.0,
    "bias_per_state": [
      -0.13309055449153606,
      -0.15076550689803242,
      -0.1698670755288939,
      -0.17317074768435708,
      -0.12164537821650573,
      0.0,
      -0.10274133687754111,
      0.0,
      -0.10791139276872885,
      -0.0808495698652012,
      -0.05771177077041356,
      0.0,
      0.0,
      -0.07752920055370338,
      -0.040160409284658694,
      0.0
    ]
  },
  "double_q": {
    "success_rate_mean": 0.4147000014781952,
    "success_rate_std": 0.12875130772590637,
    "mean_bias": -0.11616396274698407,
    "mean_abs_bias": 0.11616396274698407,
    "max_bias": 0.0,
    "bias_per_state": [
      -0.17372651014763757,
      -0.2130039755335445,
      -0.2258851641492638,
      -0.28626037815704963,
      -0.1777531360840237,
      0.0,
      -0.12277276279510613,
      0.0,
      -0.17675604866206535,
      -0.15198667176206976,
      -0.13871176680968178,
      0.0,
      0.0,
      -0.11725326355189869,
      -0.07451372629940434,
      0.0
    ]
  }
}