{
  "1": {
    "n": 1,
    "alpha": 0.5,
    "gamma": 0.99,
    "seeds": [
      42,
      123,
      456,
      789,
      1000
    ],
    "final_mean": -21.82200050354004,
    "final_std": 2.8360416889190674,
    "per_seed_final": [
      -20.135000228881836,
      -26.40999984741211,
      -22.385000228881836,
      -21.079999923706055,
      -19.100000381469727
    ]
  },
  "4": {
    "n": 4,
    "alpha": 0.5,
    "gamma": 0.99,
    "seeds": [
      42,
      123,
      456,
      789,
      1000
    ],
    "final_mean": -29.69900131225586,
    "final_std": 4.462252140045166,
    "per_seed_final": [
      -27.329999923706055,
      -24.725000381469727,
      -31.825000762939453,
      -36.255001068115234,
      -28.360000610351562
    ]
  },
  "16": {
    "n": 16,
    "alpha": 0.5,
    "gamma": 0.99,
    "seeds": [
      42,
      123,
      456,
      789,
      1000
    ],
    "final_mean": -33.8380012512207,
    "final_std": 9.306482315063477,
    "per_seed_final": [
      -30.09000015258789,
      -49.900001525878906,
      -30.975000381469727,
      -32.39500045776367,
      -25.829999923706055
    ]
  }
}